list1_extract1,list1_selection2
google.com,"google.com is Hosted on
Google LLC
IP Address: 172.217.168.238 (North Holland, Netherlands)
arin-contact@google.com +1-650-253-0000"
youtube.com,"youtube.com is Hosted on
Google LLC
IP Address: 142.250.179.174 (North Holland, Netherlands)
arin-contact@google.com +1-650-253-0000"
tmall.com,"tmall.com is Hosted on
China Internet Network Information Center
IP Address: 140.205.130.99 (Zhejiang, China)
ipas@cnnic.cn +000000000"
qq.com,"qq.com is Hosted on
China Telecom (Group)
IP Address: 183.3.226.35 (Guangdong, China)
anti-spam@ns.chinanet.cn.net +000000000"
baidu.com,"baidu.com is Hosted on
IDC, China Telecommunications Corporation
IP Address: 220.181.38.148 (Beijing, China)"
sohu.com,"sohu.com is Hosted on
Shenzhen Tencent Computer Systems Company Limited
IP Address: 211.159.191.77 (Guangdong, China)
ipas@cnnic.cn +000000000"
facebook.com,"facebook.com is Hosted on
Facebook, Inc.
IP Address: 31.13.64.35 (North Holland, Netherlands)
domain@fb.com +0016505434800"
360.cn,"360.cn is Hosted on
Luoyang, Henan Province, P.R.China.
IP Address: 36.99.170.84 (Henan, China)
anti-spam@ns.chinanet.cn.net +000000000"
amazon.com,"amazon.com is Hosted on
Amazon.com, Inc.
IP Address: 54.239.28.85 (Virginia, United States)
abuse@amazonaws.com +1-206-266-4064"
yahoo.com,"yahoo.com is Hosted on
Oath Holdings Inc.
IP Address: 74.6.143.26 (New York, United States)
network-abuse@cc.yahoo-inc.com +1-408-349-3300"
zoom.us,"zoom.us is Hosted on
Amazon.com, Inc.
IP Address: 52.202.62.206 (Virginia, United States)
abuse@amazonaws.com +1-206-266-4064"
wikipedia.org,"wikipedia.org is Hosted on
Wikimedia Europe network
IP Address: 91.198.174.192 (North Holland, Netherlands)
abuse@wikimedia.org +1-415-839-6885"
weibo.com,"weibo.com is Hosted on
SINA
IP Address: 36.51.254.228 (Beijing, China)
ipas@cnnic.cn +000000000"
xinhuanet.com,"xinhuanet.com is Hosted on
China Unicom Beijing Province Network
IP Address: 202.108.119.194 (Beijing, China)"
live.com,"live.com is Hosted on
Microsoft Corporation
IP Address: 204.79.197.212 (New Jersey, United States)
IOC@microsoft.com +1-425-538-6637"
microsoft.com,"microsoft.com is Hosted on
Microsoft Corporation
IP Address: 40.76.4.15 (Virginia, United States)
IOC@microsoft.com +1-425-538-6637"
office.com,"office.com is Hosted on
Microsoft Corporation
IP Address: 13.107.6.156 (California, United States)
IOC@microsoft.com +1-425-538-6637"
reddit.com,"reddit.com is Hosted on
Fastly
IP Address: 151.101.193.140 (Quebec, Canada)
abuse@fastly.com +1-415-404-9374"
netflix.com,"netflix.com is Hosted on
Amazon Technologies Inc.
IP Address: 3.251.50.149 (Leinster, Ireland)
abuse@amazonaws.com +1-206-266-4064"
instagram.com,"instagram.com is Hosted on
Facebook, Inc.
IP Address: 31.13.66.174 (Virginia, United States)
domain@fb.com +0016505434800"
panda.tv,"panda.tv is Hosted on
Fastly
IP Address: 185.199.111.153 (California, United States)
abuse@github.com +1 415 735 4488"
zhanqi.tv,"zhanqi.tv is Hosted on
Hangzhou Alibaba Advertising Co
IP Address: 112.124.44.92 (Zhejiang, China)
ipas@cnnic.cn +000000000"
alipay.com,"alipay.com is Hosted on
Addresses CNNIC
IP Address: 110.75.129.5 (Zhejiang, China)
ipas@cnnic.cn +000000000"
google.com.hk,"google.com.hk is Hosted on
Google LLC
IP Address: 142.250.178.3 (England, United Kingdom)
arin-contact@google.com +1-650-253-0000"
myshopify.com,"myshopify.com is Hosted on
Cloudflare, Inc.
IP Address: 23.227.38.32 (New Jersey, United States)
abuse@shopify.com +1-888-746-7439"
csdn.net,"csdn.net is Hosted on
Hangzhou Alibaba Advertising Co
IP Address: 39.106.226.142 (Beijing, China)
ipas@cnnic.cn +000000000"
bing.com,"bing.com is Hosted on
Microsoft Corporation
IP Address: 13.107.21.200 (New Jersey, United States)
IOC@microsoft.com +1-425-538-6637"
yahoo.co.jp,"yahoo.co.jp is Hosted on
Yahoo Japan Corporation
IP Address: 182.22.25.252 (Tokyo, Japan)"
vk.com,"vk.com is Hosted on
VKONTAKTE SPb
IP Address: 87.240.190.78 (St.-Petersburg, Russia)"
naver.com,"naver.com is Hosted on
NBP
IP Address: 223.130.200.104 (Gyeonggi-do, South Korea)"
coinmarketcap.com,"coinmarketcap.com is Hosted on
Cloudflare, Inc.
IP Address: 104.17.138.178 (New Jersey, United States)
abuse@cloudflare.com +1-650-319-8930"
twitter.com,"twitter.com is Hosted on
Twitter Inc.
IP Address: 104.244.42.65 (California, United States)
net-abuse@twitter.com +1-415-222-9670"
linkedin.com,"linkedin.com is Hosted on
Microsoft Corporation
IP Address: 13.107.42.14 (New Jersey, United States)
IOC@microsoft.com +1-425-538-6637"
adobe.com,"adobe.com is Hosted on
Akamai Technologies
IP Address: 92.123.143.226 (England, United Kingdom)"
tianya.cn,"tianya.cn is Hosted on
Hainan Network of ChinaTelecom
IP Address: 124.225.206.22 (Hainan, China)"
huanqiu.com,"huanqiu.com is Hosted on
OPHL
IP Address: 49.51.65.59 (California, United States)
ipas@cnnic.cn +000000000"
aliexpress.com,"aliexpress.com is Hosted on
Alibaba.com LLC
IP Address: 47.254.177.101 (Hesse, Germany)
abuse@alibaba-inc.com +1-408-748-1200"
twitch.tv,"twitch.tv is Hosted on
Fastly
IP Address: 151.101.66.167 (Quebec, Canada)
abuse@fastly.com +1-415-404-9374"
ebay.com,"ebay.com is Hosted on
eBay, Inc
IP Address: 209.140.148.143 (California, United States)
network@ebay.com +1-408-376-7400"
amazon.in,"amazon.in is Hosted on
Amazon.com, Inc.
IP Address: 52.95.116.115 (Leinster, Ireland)
abuse@amazonaws.com +1-206-266-4064"
yy.com,"yy.com is Hosted on
China Unicom CHINA169 Guangdong Network
IP Address: 163.177.156.228 (Guangdong, China)"
17ok.com,"17ok.com is Hosted on
Abitcool(China) Inc.
IP Address: 120.133.17.148 (Beijing, China)
ipas@cnnic.cn +000000000"
slack.com,"slack.com is Hosted on
Amazon Technologies Inc.
IP Address: 3.68.170.153 (Hesse, Germany)
abuse@amazonaws.com +1-206-266-4064"
amazon.co.jp,"amazon.co.jp is Hosted on
Amazon.com, Inc.
IP Address: 52.119.168.48 (Oregon, United States)
abuse@amazonaws.com +1-206-266-4064"
yandex.ru,"yandex.ru is Hosted on
Yandex enterprise network
IP Address: 5.255.255.5 (Moscow, Russia)"
whatsapp.com,"whatsapp.com is Hosted on
Facebook, Inc.
IP Address: 157.240.221.60 (England, United Kingdom)
domain@facebook.com +1-650-543-4800"
1688.com,"1688.com is Hosted on
Hangzhou Alibaba Advertising Co
IP Address: 140.205.174.2 (Zhejiang, China)
ipas@cnnic.cn +000000000"
dropbox.com,"dropbox.com is Hosted on
Dropbox, Inc.
IP Address: 162.125.248.18 (New Jersey, United States)
abuse@dropbox.com +1-415-986-7057"
haosou.com,"haosou.com is Hosted on
Beijing Qihu Technology Company Limited
IP Address: 101.198.192.46 (Beijing, China)
ipas@cnnic.cn +000000000"
wordpress.com,"wordpress.com is Hosted on
Automattic, Inc
IP Address: 192.0.78.9 (California, United States)
abuse@automattic.com +1-877-273-8550"
tradingview.com,"tradingview.com is Hosted on
Amazon.com, Inc.
IP Address: 52.39.133.84 (Oregon, United States)
abuse@amazonaws.com +1-206-266-4064"
mail.ru,"mail.ru is Hosted on
Mail.Ru LLC
IP Address: 94.100.180.201 (Moscow, Russia)"
okezone.com,"okezone.com is Hosted on
Amazon.com
IP Address: 143.204.198.67 (England, United Kingdom)
abuse@amazonaws.com +1-206-266-4064"
msn.com,"msn.com is Hosted on
Microsoft Corporation
IP Address: 13.82.28.61 (Virginia, United States)
IOC@microsoft.com +1-425-538-6637"
canva.com,"canva.com is Hosted on
Cloudflare, Inc.
IP Address: 104.17.115.17 (New Jersey, United States)
abuse@cloudflare.com +1-650-319-8930"
aparat.com,"aparat.com is Hosted on
Saba Idea
IP Address: 185.147.178.12 (Tehran, Iran)"
indeed.com,"indeed.com is Hosted on
SoftLayer
IP Address: 169.45.207.192 (Virginia, United States)"
chase.com,"chase.com is Hosted on
JPMorgan Chase & Co.
IP Address: 159.53.84.126 (New York, United States)
domain.abuse@jpmchase.com +1-614-213-0000"
etsy.com,"etsy.com is Hosted on
Fastly
IP Address: 151.101.129.224 (Quebec, Canada)
abuse@fastly.com +1-415-404-9374"
google.com.br,"google.com.br is Hosted on
Google LLC
IP Address: 216.58.212.195 (Taiwan, Taiwan)
arin-contact@google.com +1-650-253-0000"
babytree.com,"babytree.com is Hosted on
Hangzhou Alibaba Advertising Co
IP Address: 60.205.255.187 (Beijing, China)
ipas@cnnic.cn +000000000"
google.co.in,"google.co.in is Hosted on
Google LLC
IP Address: 142.251.36.3 (North Holland, Netherlands)
arin-contact@google.com +1-650-253-0000"
ok.ru,"ok.ru is Hosted on
Mail.Ru LLC
IP Address: 217.20.147.1 (Moscow, Russia)"
amazonaws.com,"amazonaws.com is Hosted on
Amazon.com, Inc.
IP Address: 207.171.166.22 (Virginia, United States)
abuse@amazonaws.com +1-206-266-4064"
google.cn,"google.cn is Hosted on
Google LLC
IP Address: 216.58.208.99 (Sofia-Capital, Bulgaria)
arin-contact@google.com +1-650-253-0000"
spotify.com,"spotify.com is Hosted on
Google LLC
IP Address: 35.186.224.25 (Missouri, United States)
arin-contact@google.com +1-650-253-0000"
blogger.com,"blogger.com is Hosted on
Google LLC
IP Address: 142.251.36.9 (North Holland, Netherlands)
arin-contact@google.com +1-650-253-0000"
freepik.com,"freepik.com is Hosted on
OVH SAS
IP Address: 51.210.235.65 (Hauts-de-France, France)
pabloblanes@freepik.com +34.665810196"
tribunnews.com,"tribunnews.com is Hosted on
Amazon.com, Inc.
IP Address: 13.224.226.96 (England, United Kingdom)
abuse@amazonaws.com +1-206-266-4064"
paypal.com,"paypal.com is Hosted on
PayPal, Inc.
IP Address: 64.4.250.36 (Virginia, United States)
abuse@paypal.com +1-480-967-5100"
imdb.com,"imdb.com is Hosted on
Amazon.com, Inc.
IP Address: 52.94.228.167 (Virginia, United States)
abuse@amazonaws.com +1-206-266-4064"
google.co.jp,"google.co.jp is Hosted on
Google LLC
IP Address: 142.250.179.195 (North Holland, Netherlands)
arin-contact@google.com +1-650-253-0000"
gome.com.cn,"gome.com.cn is Hosted on
China Networks Inter-Exchange
IP Address: 115.182.14.162 (Beijing, China)
ipas@cnnic.cn +000000000"
rakuten.co.jp,"rakuten.co.jp is Hosted on
Rakuten, Inc.
IP Address: 133.237.16.234 (Tokyo, Japan)"
telegram.org,"telegram.org is Hosted on
Telegram Messenger Amsterdam Network
IP Address: 149.154.167.99 (England, United Kingdom)
abuse@telegram.org"
so.com,"so.com is Hosted on
Beijing Qihu Technology Company Limited
IP Address: 101.198.192.46 (Beijing, China)
ipas@cnnic.cn +000000000"
cnblogs.com,"cnblogs.com is Hosted on
Hangzhou Alibaba Advertising Co
IP Address: 121.40.43.188 (Zhejiang, China)
ipas@cnnic.cn +000000000"
6.cn,"6.cn is Hosted on
Hong Kong Broadband Network Ltd
IP Address: 59.149.248.110 (Sha Tin, Hong Kong)
hostmaster@hkbn.com.hk +000000000"
github.com,"github.com is Hosted on
GitHub, Inc.
IP Address: 140.82.121.4 (Hesse, Germany)
abuse@github.com +1-415-735-4488"
apple.com,"apple.com is Hosted on
Apple Inc.
IP Address: 17.253.144.10 (California, United States)
Apple-NOC@apple.com +1-408-974-7777"
savefrom.net,"savefrom.net is Hosted on
Hetzner Online GmbH
IP Address: 144.76.217.6 (Saxony, Germany)"
coinbase.com,"coinbase.com is Hosted on
Cloudflare, Inc.
IP Address: 104.18.6.10 (New Jersey, United States)
abuse@cloudflare.com +1-650-319-8930"
walmart.com,"walmart.com is Hosted on
Wal-Mart Stores, Inc.
IP Address: 161.170.230.170 (Texas, United States)
abuse@walmart.com +1-800-966-6546"
pikiran-rakyat.com,"pikiran-rakyat.com is Hosted on
Amazon.com, Inc.
IP Address: 13.224.128.31 (England, United Kingdom)
abuse@amazonaws.com +1-206-266-4064"
espn.com,"espn.com is Hosted on
Amazon.com, Inc.
IP Address: 99.86.110.60 (England, United Kingdom)
abuse@amazonaws.com +1-206-266-4064"
instructure.com,"instructure.com is Hosted on
Fastly
IP Address: 151.101.66.132 (Quebec, Canada)
abuse@fastly.com +1-415-404-9374"
salesforce.com,"salesforce.com is Hosted on
Akamai International B.V.
IP Address: 23.1.35.132 (New South Wales, Australia)
abuse@akamai.com +1-617-274-7134"
amazon.de,"amazon.de is Hosted on
Amazon.com, Inc.
IP Address: 176.32.108.185 (Leinster, Ireland)"
amazon.co.uk,"amazon.co.uk is Hosted on
AMAZON
IP Address: 178.236.7.220 (Leinster, Ireland)"
google.de,"google.de is Hosted on
Google LLC
IP Address: 142.250.179.131 (North Holland, Netherlands)
arin-contact@google.com +1-650-253-0000"
momoshop.com.tw,"momoshop.com.tw is Hosted on
Taiwan Fixed Network CO., LTD.
IP Address: 219.87.9.154 (Taiwan, Taiwan)
hostmaster@twnic.net.tw +000000000"
zendesk.com,"zendesk.com is Hosted on
Amazon.com, Inc.
IP Address: 34.225.199.37 (Virginia, United States)
abuse@amazonaws.com +1-206-266-4064"
udemy.com,"udemy.com is Hosted on
Cloudflare, Inc.
IP Address: 104.16.65.85 (New Jersey, United States)
abuse@cloudflare.com +1-650-319-8930"
fandom.com,"fandom.com is Hosted on
Fastly
IP Address: 151.101.192.194 (Quebec, Canada)
abuse@fastly.com +1-415-404-9374"
opensea.io,"opensea.io is Hosted on
Cloudflare, Inc.
IP Address: 104.18.17.184 (New Jersey, United States)
abuse@cloudflare.com +1-650-319-8930"
flipkart.com,"flipkart.com is Hosted on
Flipkart Internet Pvt Ltd
IP Address: 163.53.76.86 (Karnataka, India)"
pinterest.com,"pinterest.com is Hosted on
Fastly
IP Address: 151.101.128.84 (Quebec, Canada)
abuse@fastly.com +1-415-404-9374"
grammarly.com,"grammarly.com is Hosted on
Amazon Technologies Inc.
IP Address: 3.229.229.229 (Virginia, United States)
abuse@amazonaws.com +1-206-266-4064"
cnn.com,"cnn.com is Hosted on
Fastly
IP Address: 151.101.1.67 (Quebec, Canada)
abuse@fastly.com +1-415-404-9374"
booking.com,"booking.com is Hosted on
Booking.com GB
IP Address: 5.57.16.220 (North Holland, Netherlands)"
nytimes.com,"nytimes.com is Hosted on
Fastly
IP Address: 151.101.193.164 (Quebec, Canada)
abuse@fastly.com +1-415-404-9374"
wetransfer.com,"wetransfer.com is Hosted on
Amazon.com, Inc.
IP Address: 52.208.26.141 (Leinster, Ireland)
abuse@amazonaws.com +1-206-266-4064"
stackoverflow.com,"stackoverflow.com is Hosted on
Fastly
IP Address: 151.101.193.69 (Quebec, Canada)
abuse@fastly.com +1-415-404-9374"
163.com,"163.com is Hosted on
Guangzhou NetEase Computer System Co., Ltd.
IP Address: 123.58.180.8 (Guangdong, China)
yangfeng@cnispgroup.com +000000000"
ilovepdf.com,"ilovepdf.com is Hosted on
Cloudflare, Inc.
IP Address: 104.20.1.94 (New Jersey, United States)
abuse@cloudflare.com +1-650-319-8930"
intuit.com,"intuit.com is Hosted on
Akamai Technologies
IP Address: 23.195.119.148 (England, United Kingdom)
abuse@akamai.com +1-617-444-2535"
zillow.com,"zillow.com is Hosted on
Amazon.com, Inc.
IP Address: 99.86.110.123 (England, United Kingdom)
abuse@amazonaws.com +1-206-266-4064"
godaddy.com,"godaddy.com is Hosted on
GoDaddy.com, LLC
IP Address: 208.109.192.70 (Arizona, United States)
abuse@godaddy.com +1-480-624-2505"
t.me,"t.me is Hosted on
Telegram Messenger Amsterdam Network
IP Address: 149.154.167.99 (England, United Kingdom)
abuse@telegram.org"
google.fr,"google.fr is Hosted on
Google LLC
IP Address: 172.217.169.67 (England, United Kingdom)
arin-contact@google.com +1-650-253-0000"
deepl.com,"deepl.com is Hosted on
Cloudflare, Inc.
IP Address: 172.65.196.44 (New Jersey, United States)
abuse@cloudflare.com +1-650-319-8930"
bbc.com,"bbc.com is Hosted on
Fastly
IP Address: 151.101.64.81 (Quebec, Canada)
abuse@fastly.com +1-415-404-9374"
rednet.cn,"rednet.cn is Hosted on
China Mobile
IP Address: 112.53.1.229 (Guangdong, China)
abuse@chinamobile.com +000000000"
cnzz.com,"cnzz.com is Hosted on
Hangzhou Alibaba Advertising Co., Ltd.
IP Address: 203.119.169.84 (Zhejiang, China)
ipas@cnnic.cn +000000000"
gosuslugi.ru,"gosuslugi.ru is Hosted on
PJSC Rostelecom
IP Address: 109.207.1.97 (Moscow, Russia)
Dmitry.Sinelnikov@rt.ru +7 (495) 791-98-95"
stackexchange.com,"stackexchange.com is Hosted on
Fastly
IP Address: 151.101.129.69 (Quebec, Canada)
abuse@fastly.com +1-415-404-9374"
force.com,"force.com is Hosted on
Akamai International B.V.
IP Address: 184.31.10.133 (Ontario, Canada)
abuse@akamai.com +1-617-274-7134"
google.it,"google.it is Hosted on
Google LLC
IP Address: 142.250.180.3 (England, United Kingdom)
arin-contact@google.com +1-650-253-0000"
google.ru,"google.ru is Hosted on
Google LLC
IP Address: 142.250.200.35 (England, United Kingdom)
arin-contact@google.com +1-650-253-0000"
vimeo.com,"vimeo.com is Hosted on
Fastly
IP Address: 151.101.192.217 (Quebec, Canada)
abuse@fastly.com +1-415-404-9374"
roblox.com,"roblox.com is Hosted on
Roblox
IP Address: 128.116.114.3 (New Jersey, United States)
noc@roblox.com +1-415-655-1982"
google.es,"google.es is Hosted on
Google LLC
IP Address: 142.251.36.3 (North Holland, Netherlands)
arin-contact@google.com +1-650-253-0000"
kompas.com,"kompas.com is Hosted on
Amazon.com, Inc.
IP Address: 52.76.9.57 (, Singapore)
abuse@amazonaws.com +1-206-266-4064"
daum.net,"daum.net is Hosted on
Daou Technology
IP Address: 203.133.167.16 (Gyeonggi-do, South Korea)"
nih.gov,"nih.gov is Hosted on
Amazon.com, Inc.
IP Address: 54.235.145.223 (Virginia, United States)
abuse@amazonaws.com +1-206-266-4064"
hao123.com,"hao123.com is Hosted on
Chinanet
IP Address: 124.237.176.248 (Hebei, China)
anti-spam@ns.chinanet.cn.net +000000000"
zhihu.com,"zhihu.com is Hosted on
Shijiazhuang IDC network, CHINANET Hebei province
IP Address: 103.41.167.234 (Beijing, China)
ipas@cnnic.cn +000000000"
imgur.com,"imgur.com is Hosted on
Fastly
IP Address: 199.232.196.193 (Quebec, Canada)
abuse@fastly.com +1-415-404-9374"
tumblr.com,"tumblr.com is Hosted on
Automattic, Inc
IP Address: 74.114.154.21 (Virginia, United States)
abuse@automattic.com +1-877-273-8550"
zerodha.com,"zerodha.com is Hosted on
Cloudflare, Inc.
IP Address: 104.17.217.15 (New Jersey, United States)
abuse@cloudflare.com +1-650-319-8930"
digikala.com,"digikala.com is Hosted on
Noavaran Fan Avazeh Co. PJS
IP Address: 185.188.104.10 (Tehran, Iran)"
trendyol.com,"trendyol.com is Hosted on
Cloudflare, Inc.
IP Address: 104.19.131.92 (New Jersey, United States)
abuse@cloudflare.com +1-650-319-8930"
wix.com,"wix.com is Hosted on
wix com inc
IP Address: 185.230.63.164 (Virginia, United States)"
namecheap.com,"namecheap.com is Hosted on
Namecheap
IP Address: 198.54.117.250 (Georgia, United States)
abuse@namecheaphosting.com +1-323-375-2822"
ettoday.net,"ettoday.net is Hosted on
SONET
IP Address: 219.85.79.131 (New Taipei, Taiwan)
hostmaster@twnic.net.tw +000000000"
padlet.com,"padlet.com is Hosted on
Cloudflare, Inc.
IP Address: 104.18.31.36 (New Jersey, United States)
abuse@cloudflare.com +1-650-319-8930"
envato.com,"envato.com is Hosted on
Cloudflare, Inc.
IP Address: 104.18.253.82 (New Jersey, United States)
abuse@cloudflare.com +1-650-319-8930"
tistory.com,"tistory.com is Hosted on
Dreamline CO.
IP Address: 121.53.105.234 (Seoul, South Korea)"
americanexpress.com,"americanexpress.com is Hosted on
Akamai Technologies
IP Address: 104.73.151.179 (North Holland, Netherlands)
abuse@akamai.com +1-617-444-2535"
ups.com,"ups.com is Hosted on
United Parcel Service
IP Address: 153.2.228.50 (District of Columbia, United States)
network@ups.com +1-201-828-4503"
unsplash.com,"unsplash.com is Hosted on
Fastly
IP Address: 151.101.193.181 (Quebec, Canada)
abuse@fastly.com +1-415-404-9374"
bilibili.com,"bilibili.com is Hosted on
Huawei Cloud Service data center
IP Address: 139.159.241.37 (Guangdong, China)"
line.me,"line.me is Hosted on
LINE Corporation
IP Address: 203.104.138.138 (Tokyo, Japan)"
detik.com,"detik.com is Hosted on
PT. Detik Ini JUga
IP Address: 203.190.242.211 (Jakarta, Indonesia)"
wellsfargo.com,"wellsfargo.com is Hosted on
Wells Fargo & Company
IP Address: 159.45.66.143 (New York, United States)
hostmaster@wellsfargo.com +1-415-808-3158"
smallpdf.com,"smallpdf.com is Hosted on
Amazon.com, Inc.
IP Address: 99.86.112.70 (England, United Kingdom)
abuse@amazonaws.com +1-206-266-4064"
google.com.tw,"google.com.tw is Hosted on
Google LLC
IP Address: 142.250.178.3 (England, United Kingdom)
arin-contact@google.com +1-650-253-0000"
archive.org,"archive.org is Hosted on
Internet Archive
IP Address: 207.241.224.2 (California, United States)
arin-abuse-mail@archive.org +1-415-561-6767"
bbc.co.uk,"bbc.co.uk is Hosted on
Fastly
IP Address: 151.101.64.81 (Quebec, Canada)
abuse@fastly.com +1-415-404-9374"
globo.com,"globo.com is Hosted on
Globo ComunicaÔÔo e ParticipaÔoes SA
IP Address: 186.192.90.12 (Rio de Janeiro, Brazil)"
w3schools.com,"w3schools.com is Hosted on
Amazon.com, Inc.
IP Address: 76.223.115.82 (Washington, United States)
abuse@amazonaws.com +1-206-266-4064"
klaviyo.com,"klaviyo.com is Hosted on
Amazon Technologies Inc.
IP Address: 3.234.152.1 (Virginia, United States)
abuse@amazonaws.com +1-206-266-4064"
soundcloud.com,"soundcloud.com is Hosted on
Amazon.com, Inc.
IP Address: 99.86.110.104 (England, United Kingdom)
abuse@amazonaws.com +1-206-266-4064"
onlinesbi.com,"onlinesbi.com is Hosted on
SBI-EMS
IP Address: 103.68.221.190 (Telangana, India)"
investing.com,"investing.com is Hosted on
Cloudflare, Inc.
IP Address: 104.18.10.215 (New Jersey, United States)
abuse@cloudflare.com +1-650-319-8930"
speedtest.net,"speedtest.net is Hosted on
Fastly
IP Address: 151.101.66.219 (Quebec, Canada)
abuse@fastly.com +1-415-404-9374"
bestbuy.com,"bestbuy.com is Hosted on
Akamai Technologies
IP Address: 92.122.164.22 (England, United Kingdom)"
theguardian.com,"theguardian.com is Hosted on
Fastly
IP Address: 151.101.129.111 (Quebec, Canada)
abuse@fastly.com +1-415-404-9374"
aliexpress.ru,"aliexpress.ru is Hosted on
Alibaba (US) Technology Co., Ltd.
IP Address: 47.246.133.23 (Moscow, Russia)
abuse@alibaba-inc.com +1-408-748-1200"
amazon.ca,"amazon.ca is Hosted on
Amazon.com, Inc.
IP Address: 54.239.19.238 (Virginia, United States)
abuse@amazonaws.com +1-206-266-4064"
cnbc.com,"cnbc.com is Hosted on
NBCUniversal
IP Address: 50.234.250.32 (Pennsylvania, United States)
CNIPEO-Ip-registration@cable.comcast.com +1-856-317-7200"
gov.ao,"gov.ao is Hosted on
Centro Nacional DAS Tecnologias De Informacao
IP Address: 154.116.255.34 (Ho Chi Minh, Vietnam)"
sindonews.com,"sindonews.com is Hosted on
Amazon Technologies Inc.
IP Address: 13.32.170.46 (England, United Kingdom)
abuse@amazonaws.com +1-206-266-4064"
healthline.com,"healthline.com is Hosted on
Amazon.com, Inc.
IP Address: 99.86.110.34 (England, United Kingdom)
abuse@amazonaws.com +1-206-266-4064"
pixabay.com,"pixabay.com is Hosted on
Cloudflare, Inc.
IP Address: 104.18.21.183 (New Jersey, United States)
abuse@cloudflare.com +1-650-319-8930"
fedex.com,"fedex.com is Hosted on
FedEx Internet Technologies Corporation
IP Address: 204.135.8.155 (New York, United States)
kent.brown@fedex.com +1-901-263-4895"
hdfcbank.com,"hdfcbank.com is Hosted on
Cloudflare, Inc.
IP Address: 104.16.107.25 (New Jersey, United States)
abuse@cloudflare.com +1-650-319-8930"
google.com.sg,"google.com.sg is Hosted on
Google LLC
IP Address: 216.58.213.3 (England, United Kingdom)
arin-contact@google.com +1-650-253-0000"
myworkday.com,"myworkday.com is Hosted on
Workday, Inc.
IP Address: 209.177.165.18 (New York, United States)
Thomas.reeves@workday.com +1-408-309-1038"
pixnet.net,"pixnet.net is Hosted on
PIXNET
IP Address: 103.23.108.107 (Taiwan, Taiwan)"
researchgate.net,"researchgate.net is Hosted on
Cloudflare, Inc.
IP Address: 104.17.33.105 (New Jersey, United States)
abuse@cloudflare.com +1-650-319-8930"
alibaba.com,"alibaba.com is Hosted on
Alibaba (US) Technology Co., Ltd.
IP Address: 47.246.136.125 (Virginia, United States)
abuse@alibaba-inc.com +1-408-748-1200"
zoominfo.com,"zoominfo.com is Hosted on
Cloudflare, Inc.
IP Address: 104.16.168.82 (New Jersey, United States)
abuse@cloudflare.com +1-650-319-8930"
evernote.com,"evernote.com is Hosted on
Google LLC
IP Address: 35.190.29.187 (Missouri, United States)
arin-contact@google.com +1-650-253-0000"
360.com,"360.com is Hosted on
CHINA TELECOM (AMERICAS) CORPORATION
IP Address: 104.192.110.203 (California, United States)
jiangz@ctamericas.com +1-213-236-0430"
capitalone.com,"capitalone.com is Hosted on
Capital One Financial Corporation
IP Address: 204.63.41.34 (Texas, United States)
brian.dymon@capitalone.com +1-804-314-4829"
google.co.uk,"google.co.uk is Hosted on
Google LLC
IP Address: 142.251.36.35 (North Holland, Netherlands)
arin-contact@google.com +1-650-253-0000"
amazon.com.mx,"amazon.com.mx is Hosted on
Amazon.com, Inc.
IP Address: 52.94.239.35 (Virginia, United States)
abuse@amazonaws.com +1-206-266-4064"
primevideo.com,"primevideo.com is Hosted on
Amazon.com, Inc.
IP Address: 99.86.110.30 (England, United Kingdom)
abuse@amazonaws.com +1-206-266-4064"
kumparan.com,"kumparan.com is Hosted on
Cloudflare, Inc.
IP Address: 104.18.129.231 (New Jersey, United States)
abuse@cloudflare.com +1-650-319-8930"
codecanyon.net,"codecanyon.net is Hosted on
Cloudflare, Inc.
IP Address: 104.18.25.174 (New Jersey, United States)
abuse@cloudflare.com +1-650-319-8930"
tudou.com,"tudou.com is Hosted on
Hangzhou Alibaba Advertising Co
IP Address: 106.11.43.246 (Zhejiang, China)
ipas@cnnic.cn +000000000"
fidelity.com,"fidelity.com is Hosted on
Akamai International B.V.
IP Address: 184.28.198.209 (England, United Kingdom)
abuse@akamai.com +1-617-274-7134"
kakao.com,"kakao.com is Hosted on
DREAMX
IP Address: 211.249.221.27 (Gyeongsangnam-do, South Korea)"
ikea.com,"ikea.com is Hosted on
Akamai Technologies, Inc.
IP Address: 104.120.62.71 (Île-de-France, France)
abuse@akamai.com +1-617-274-7134"
istockphoto.com,"istockphoto.com is Hosted on
Amazon.com, Inc.
IP Address: 99.86.110.33 (England, United Kingdom)
abuse@amazonaws.com +1-206-266-4064"
craigslist.org,"craigslist.org is Hosted on
Craigslist, Inc.
IP Address: 208.82.237.129 (California, United States)
noc@craigslist.org +1-415-399-5200"
grid.id,"grid.id is Hosted on
Amazon.com, Inc.
IP Address: 18.141.78.84 (, Singapore)
abuse@amazonaws.com +1-206-266-4064"
mercadolibre.com.mx,"mercadolibre.com.mx is Hosted on
Amazon Technologies Inc.
IP Address: 13.32.170.98 (England, United Kingdom)
abuse@amazonaws.com +1-206-266-4064"
hotstar.com,"hotstar.com is Hosted on
Amazon.com, Inc.
IP Address: 99.86.110.30 (England, United Kingdom)
abuse@amazonaws.com +1-206-266-4064"
scribd.com,"scribd.com is Hosted on
Fastly
IP Address: 151.101.130.152 (Quebec, Canada)
abuse@fastly.com +1-415-404-9374"
uol.com.br,"uol.com.br is Hosted on
Universo Online S.A.
IP Address: 200.147.35.149 (Sao Paulo, Brazil)"
google.com.mx,"google.com.mx is Hosted on
Google LLC
IP Address: 172.217.16.227 (Madrid, Spain)
arin-contact@google.com +1-650-253-0000"
pancakeswap.finance,"pancakeswap.finance is Hosted on
Cloudflare, Inc.
IP Address: 104.26.3.169 (New Jersey, United States)
abuse@cloudflare.com +1-650-319-8930"
box.com,"box.com is Hosted on
Box.com
IP Address: 185.235.236.201 (Hesse, Germany)
noc@box.com +14 0808 189 0504"
y2mate.com,"y2mate.com is Hosted on
CLOUDFLARE
IP Address: 141.101.121.238 (North Holland, Netherlands)"
avito.ru,"avito.ru is Hosted on
KEH eCommerce LLC
IP Address: 146.158.48.24 (Yamalo-Nenets, Russia)
admin@avito.ru +74952283630"
target.com,"target.com is Hosted on
Fastly
IP Address: 151.101.130.187 (Quebec, Canada)
abuse@fastly.com +1-415-404-9374"
shopee.tw,"shopee.tw is Hosted on
Shopee (taiwan) CO. Ltd.
IP Address: 103.117.4.129 (Taiwan, Taiwan)
hostmaster@twnic.net.tw +000000000"
google.com.tr,"google.com.tr is Hosted on
Google LLC
IP Address: 142.250.179.195 (North Holland, Netherlands)
arin-contact@google.com +1-650-253-0000"
getadblock.com,"getadblock.com is Hosted on
Cloudflare, Inc.
IP Address: 104.22.42.139 (New Jersey, United States)
abuse@cloudflare.com +1-650-319-8930"
jiameng.com,"jiameng.com is Hosted on
IP Address: 127.0.0.1 (, )
abuse@iana.org +1-310-301-5820"
fiverr.com,"fiverr.com is Hosted on
Cloudflare, Inc.
IP Address: 104.16.154.71 (New Jersey, United States)
abuse@cloudflare.com +1-650-319-8930"
yelp.com,"yelp.com is Hosted on
Fastly
IP Address: 151.101.16.116 (England, United Kingdom)
abuse@fastly.com +1-415-404-9374"
homedepot.com,"homedepot.com is Hosted on
Google LLC
IP Address: 35.201.95.83 (Missouri, United States)
arin-contact@google.com +1-650-253-0000"
line.biz,"line.biz is Hosted on
LINE Corporation
IP Address: 147.92.146.112 (Tokyo, Japan)"
icicibank.com,"icicibank.com is Hosted on
ICICIBank Ltd
IP Address: 203.171.210.25 (Maharashtra, India)
isecure@icicibank.com +000000000"
usps.com,"usps.com is Hosted on
United States Postal Service.
IP Address: 56.0.134.100 (Illinois, United States)
domainadmin@imail.usps.gov +1-800-877-7435"
documentforce.com,"documentforce.com is Hosted on
Salesforce.com, Inc.
IP Address: 160.8.23.154 (England, United Kingdom)
abuse@salesforce.com +15714491550"
docusign.com,"docusign.com is Hosted on
Fastly
IP Address: 151.101.2.133 (Quebec, Canada)
abuse@fastly.com +1-415-404-9374"
investopedia.com,"investopedia.com is Hosted on
Fastly
IP Address: 151.101.66.137 (Quebec, Canada)
abuse@fastly.com +1-415-404-9374"
slideshare.net,"slideshare.net is Hosted on
Amazon.com, Inc.
IP Address: 52.3.45.182 (Virginia, United States)
abuse@amazonaws.com +1-206-266-4064"
cnet.com,"cnet.com is Hosted on
Google LLC
IP Address: 34.149.196.126 (Missouri, United States)
arin-contact@google.com +1-650-253-0000"
quizlet.com,"quizlet.com is Hosted on
Cloudflare, Inc.
IP Address: 104.16.15.221 (New Jersey, United States)
abuse@cloudflare.com +1-650-319-8930"
skype.com,"skype.com is Hosted on
Microsoft Corporation
IP Address: 40.115.34.155 (North Holland, Netherlands)
IOC@microsoft.com +1-425-538-6637"
airbnb.com,"airbnb.com is Hosted on
Amazon Technologies Inc.
IP Address: 3.221.185.200 (Virginia, United States)
abuse@amazonaws.com +1-206-266-4064"
varzesh3.com,"varzesh3.com is Hosted on
Aria Shatel Company Ltd
IP Address: 94.182.163.52 (Tehran, Iran)
admin@rasana.net +98 21 2261 2601"
poocoin.app,"poocoin.app is Hosted on
Cloudflare, Inc.
IP Address: 104.22.5.222 (New Jersey, United States)
abuse@cloudflare.com +1-650-319-8930"
washingtonpost.com,"washingtonpost.com is Hosted on
Akamai Technologies, Inc.
IP Address: 104.109.234.101 (England, United Kingdom)
abuse@akamai.com +1-617-274-7134"
businessinsider.com,"businessinsider.com is Hosted on
Fastly
IP Address: 151.101.193.171 (Quebec, Canada)
abuse@fastly.com +1-415-404-9374"
cnnic.cn,"cnnic.cn is Hosted on
CSTNET's IP
IP Address: 159.226.6.133 (Beijing, China)
ipas@cnnic.cn +000000000"
tencent.com,"tencent.com is Hosted on
Shenzhen Tencent Computer Systems Company Limited
IP Address: 109.244.194.121 (Beijing, China)
qcloud_net_duty@tencent.com +000000000"
airtable.com,"airtable.com is Hosted on
Amazon Technologies Inc.
IP Address: 3.225.16.183 (Virginia, United States)
abuse@amazonaws.com +1-206-266-4064"
shutterstock.com,"shutterstock.com is Hosted on
Amazon.com, Inc.
IP Address: 99.83.219.164 (Washington, United States)
abuse@amazonaws.com +1-206-266-4064"
gate.io,"gate.io is Hosted on
Amazon.com, Inc.
IP Address: 35.72.139.44 (Tokyo, Japan)
abuse@amazonaws.com +1-206-266-4064"
hostinger.com,"hostinger.com is Hosted on
Cloudflare, Inc.
IP Address: 104.18.113.100 (New Jersey, United States)
abuse@cloudflare.com +1-650-319-8930"
duckduckgo.com,"duckduckgo.com is Hosted on
Microsoft Corporation
IP Address: 52.142.124.215 (Leinster, Ireland)
IOC@microsoft.com +1-425-538-6637"
metropoles.com,"metropoles.com is Hosted on
Cloudflare, Inc.
IP Address: 104.18.25.118 (New Jersey, United States)
abuse@cloudflare.com +1-650-319-8930"
taboola.com,"taboola.com is Hosted on
Fastly
IP Address: 151.101.66.132 (Quebec, Canada)
abuse@fastly.com +1-415-404-9374"
zol.com.cn,"zol.com.cn is Hosted on
Beijing Kingsoft Cloud Internet Technology Co
IP Address: 110.43.213.6 (Beijing, China)
ipas@cnnic.cn +000000000"
mediafire.com,"mediafire.com is Hosted on
Cloudflare, Inc.
IP Address: 104.16.202.237 (New Jersey, United States)
abuse@cloudflare.com +1-650-319-8930"
binance.com,"binance.com is Hosted on
Amazon Technologies Inc.
IP Address: 52.69.2.164 (Tokyo, Japan)
abuse@amazonaws.com +1-206-266-4064"
crunchbase.com,"crunchbase.com is Hosted on
Cloudflare, Inc.
IP Address: 104.22.63.68 (New Jersey, United States)
abuse@cloudflare.com +1-650-319-8930"
bet9ja.com,"bet9ja.com is Hosted on
Logispin Austria GmbH
IP Address: 185.179.62.2 (Vienna, Austria)"
bluehost.com,"bluehost.com is Hosted on
Amazon.com, Inc.
IP Address: 54.176.163.86 (California, United States)
abuse@amazonaws.com +1-206-266-4064"
wildberries.ru,"wildberries.ru is Hosted on
LLC Wildberries
IP Address: 185.138.253.1 (Moscow, Russia)
noc@wildberries.ru +7 495 775 55 05"
mercadolibre.com.ar,"mercadolibre.com.ar is Hosted on
Amazon.com, Inc.
IP Address: 99.86.110.79 (England, United Kingdom)
abuse@amazonaws.com +1-206-266-4064"
linktr.ee,"linktr.ee is Hosted on
Fastly
IP Address: 151.101.2.133 (Quebec, Canada)
abuse@fastly.com +1-415-404-9374"
moneycontrol.com,"moneycontrol.com is Hosted on
Akamai International, BV
IP Address: 23.10.252.11 (England, United Kingdom)
abuse@akamai.com +1-617-444-2535"
manage.wix.com,"manage.wix.com is Hosted on
Wix.com Ltd.
IP Address: 185.230.60.105 (Virginia, United States)"
googlevideo.com,"googlevideo.com is Hosted on
Google LLC
IP Address: 216.58.208.100 (Sofia-Capital, Bulgaria)
arin-contact@google.com +1-650-253-0000"
google.ca,"google.ca is Hosted on
Google LLC
IP Address: 142.250.200.3 (England, United Kingdom)
arin-contact@google.com +1-650-253-0000"
sonhoo.com,"sonhoo.com is Hosted on
CHINATELECOM Guangxi Nanning IDC networkdescr: Nanning, Guangxi Province, P.R.
IP Address: 219.159.84.133 (Guangxi, China)
anti-spam@ns.chinanet.cn.net +000000000"
bloomberg.com,"bloomberg.com is Hosted on
Bloomberg, LP
IP Address: 69.187.24.15 (New Jersey, United States)
internic-admin@bloomberg.com +1-212-318-2000"
google.com.ar,"google.com.ar is Hosted on
Google LLC
IP Address: 142.250.179.195 (North Holland, Netherlands)
arin-contact@google.com +1-650-253-0000"
coupang.com,"coupang.com is Hosted on
Amazon.com, Inc.
IP Address: 13.224.226.113 (England, United Kingdom)
abuse@amazonaws.com +1-206-266-4064"
iyiou.com,"iyiou.com is Hosted on
Hangzhou Alibaba Advertising Co
IP Address: 47.104.92.218 (Shandong, China)
ipas@cnnic.cn +000000000"
suara.com,"suara.com is Hosted on
Amazon.com, Inc.
IP Address: 99.86.110.97 (England, United Kingdom)
abuse@amazonaws.com +1-206-266-4064"
docusign.net,"docusign.net is Hosted on
Docusign, Inc
IP Address: 162.248.184.27 (Illinois, United States)
george.balafoutis@docusign.com +1-847-561-5986"
blackboard.com,"blackboard.com is Hosted on
Microsoft Corporation
IP Address: 104.209.183.225 (Virginia, United States)
IOC@microsoft.com +1-425-538-6637"
mozilla.org,"mozilla.org is Hosted on
Amazon.com, Inc.
IP Address: 44.235.246.155 (Oregon, United States)
abuse@amazonaws.com +1-206-266-4064"
disneyplus.com,"disneyplus.com is Hosted on
Amazon.com, Inc.
IP Address: 34.218.145.143 (Oregon, United States)
abuse@amazonaws.com +1-206-266-4064"
ozon.ru,"ozon.ru is Hosted on
Incapsula Inc
IP Address: 45.60.40.164 (England, United Kingdom)
abuse@incapsula.com +1-450-405-4945"
adp.com,"adp.com is Hosted on
Automatic Data Processing, Inc.
IP Address: 170.146.93.56 (New York, United States)
abuse@adp.com +1-385-444-0653"
google.com.sa,"google.com.sa is Hosted on
Google LLC
IP Address: 142.251.36.3 (North Holland, Netherlands)
arin-contact@google.com +1-650-253-0000"
shein.com,"shein.com is Hosted on
Amazon.com, Inc.
IP Address: 35.166.17.60 (Oregon, United States)
abuse@amazonaws.com +1-206-266-4064"
mailchimp.com,"mailchimp.com is Hosted on
Akamai Technologies, Inc.
IP Address: 104.117.175.220 (England, United Kingdom)
abuse@akamai.com +1-617-274-7134"
youm7.com,"youm7.com is Hosted on
Cloudflare, Inc.
IP Address: 104.18.7.4 (New Jersey, United States)
abuse@cloudflare.com +1-650-319-8930"
chess.com,"chess.com is Hosted on
Google LLC
IP Address: 34.117.44.137 (Missouri, United States)
arin-contact@google.com +1-650-253-0000"
manoramaonline.com,"manoramaonline.com is Hosted on
Akamai Technologies, Inc.
IP Address: 23.73.12.89 (Île-de-France, France)
abuse@akamai.com +1-617-274-7134"
foxnews.com,"foxnews.com is Hosted on
Akamai Technologies, Inc.
IP Address: 104.78.177.82 (England, United Kingdom)
abuse@akamai.com +1-617-274-7134"
geeksforgeeks.org,"geeksforgeeks.org is Hosted on
Amazon.com, Inc.
IP Address: 34.218.62.116 (Oregon, United States)
abuse@amazonaws.com +1-206-266-4064"
redfin.com,"redfin.com is Hosted on
TierPoint, LLC
IP Address: 216.211.130.168 (Washington, United States)
abuse@tierpoint.com +1-484-893-1507"
bankofamerica.com,"bankofamerica.com is Hosted on
Bank of America, National Association
IP Address: 171.159.228.150 (California, United States)
ABUSE@bankofamerica.com +1-407-713-4317"
realtor.com,"realtor.com is Hosted on
Amazon.com, Inc.
IP Address: 44.242.14.146 (Oregon, United States)
abuse@amazonaws.com +1-206-266-4064"
telewebion.com,"telewebion.com is Hosted on
ASIATECH-DC
IP Address: 188.0.241.28 (Tehran, Iran)"
wikihow.com,"wikihow.com is Hosted on
Fastly
IP Address: 151.101.194.137 (Quebec, Canada)
abuse@fastly.com +1-415-404-9374"
asos.com,"asos.com is Hosted on
Akamai International B.V.
IP Address: 2.19.195.201 (North Holland, Netherlands)"
sahibinden.com,"sahibinden.com is Hosted on
Tellcom Iletisim Hizmetleri A.S.
IP Address: 85.153.138.111 (Istanbul, Turkey)
abuse@turkcell.com.tr +9008502224662"
xiaoman.cn,"xiaoman.cn is Hosted on
Alibaba.com LLC
IP Address: 47.88.62.198 (California, United States)
abuse@alibaba-inc.com +1-408-748-1200"
coursera.org,"coursera.org is Hosted on
Amazon.com, Inc.
IP Address: 99.86.110.55 (England, United Kingdom)
abuse@amazonaws.com +1-206-266-4064"
nike.com,"nike.com is Hosted on
Amazon Technologies Inc.
IP Address: 13.32.170.39 (England, United Kingdom)
abuse@amazonaws.com +1-206-266-4064"
state.gov,"state.gov is Hosted on
Amazon.com, Inc.
IP Address: 34.233.79.178 (Virginia, United States)
abuse@amazonaws.com +1-206-266-4064"
secureserver.net,"secureserver.net is Hosted on
GoDaddy.com, LLC
IP Address: 208.109.192.71 (Arizona, United States)
abuse@godaddy.com +1-480-624-2505"
wayfair.com,"wayfair.com is Hosted on
Fastly
IP Address: 151.101.193.252 (Quebec, Canada)
abuse@fastly.com +1-415-404-9374"
chegg.com,"chegg.com is Hosted on
Amazon.com, Inc.
IP Address: 99.86.110.129 (England, United Kingdom)
abuse@amazonaws.com +1-206-266-4064"
aol.com,"aol.com is Hosted on
Yahoo-Inc
IP Address: 124.108.115.100 (Taipei City, Taiwan)
rir-admin@verizonmedia.com +000000000"
ibicn.com,"ibicn.com is Hosted on
Hangzhou Alibaba Advertising Co
IP Address: 39.106.98.245 (Beijing, China)
ipas@cnnic.cn +000000000"
wsj.com,"wsj.com is Hosted on
Amazon.com, Inc.
IP Address: 99.86.110.36 (England, United Kingdom)
abuse@amazonaws.com +1-206-266-4064"
weather.com,"weather.com is Hosted on
Akamai via Atrato
IP Address: 2.16.74.47 (England, United Kingdom)"
hp.com,"hp.com is Hosted on
Hewlett-Packard Company
IP Address: 15.72.228.83 (California, United States)
abuse@hpe.com +1-888-342-2156"
redd.it,"redd.it is Hosted on
Fastly
IP Address: 151.101.193.140 (Quebec, Canada)
abuse@fastly.com +1-415-404-9374"
wikimedia.org,"wikimedia.org is Hosted on
Wikimedia Europe network
IP Address: 91.198.174.192 (North Holland, Netherlands)
abuse@wikimedia.org +1-415-839-6885"
ebay.de,"ebay.de is Hosted on
eBay, Inc
IP Address: 216.113.181.253 (California, United States)
network@ebay.com +1-408-376-7400"
wordpress.org,"wordpress.org is Hosted on
SingleHop LLC
IP Address: 198.143.164.252 (Illinois, United States)
netops@singlehop.com +1-312-386-6210"
google.co.th,"google.co.th is Hosted on
Google LLC
IP Address: 216.58.208.99 (Sofia-Capital, Bulgaria)
arin-contact@google.com +1-650-253-0000"
lazada.sg,"lazada.sg is Hosted on
Alibaba (US) Technology Co., Ltd.
IP Address: 47.89.88.84 (, Singapore)
abuse@alibaba-inc.com +1-408-748-1200"
t.co,"t.co is Hosted on
Twitter Inc.
IP Address: 104.244.42.69 (California, United States)
net-abuse@twitter.com +1-415-222-9670"
webex.com,"webex.com is Hosted on
Cisco Webex LLC
IP Address: 64.68.121.205 (California, United States)
csg-network@cisco.com +1-855-722-7227"
google.com.eg,"google.com.eg is Hosted on
Google LLC
IP Address: 216.58.212.227 (England, United Kingdom)
arin-contact@google.com +1-650-253-0000"
loom.com,"loom.com is Hosted on
Amazon.com, Inc.
IP Address: 15.197.229.237 (Quebec, Canada)
abuse@amazonaws.com +1-206-266-4064"
squarespace.com,"squarespace.com is Hosted on
Squarespace, Inc.
IP Address: 198.49.23.177 (New York, United States)
abuse-network@squarespace.com +1-347-758-4644"
cricbuzz.com,"cricbuzz.com is Hosted on
Google LLC
IP Address: 35.200.167.142 (Maharashtra, India)
arin-contact@google.com +1-650-253-0000"
dell.com,"dell.com is Hosted on
Dell, Inc.
IP Address: 143.166.135.105 (Texas, United States)
ARIN_ABUSE@Dell.com +0035312795000"
ameblo.jp,"ameblo.jp is Hosted on
Fastly
IP Address: 199.232.210.133 (Quebec, Canada)
abuse@fastly.com +1-415-404-9374"
indiamart.com,"indiamart.com is Hosted on
Amazon.com, Inc.
IP Address: 34.228.182.47 (Virginia, United States)
abuse@amazonaws.com +1-206-266-4064"
amazon.es,"amazon.es is Hosted on
Amazon.com, Inc.
IP Address: 52.95.116.112 (Leinster, Ireland)
abuse@amazonaws.com +1-206-266-4064"
merdeka.com,"merdeka.com is Hosted on
Google LLC
IP Address: 35.240.232.145 (, Singapore)
arin-contact@google.com +1-650-253-0000"
hootsuite.com,"hootsuite.com is Hosted on
Amazon.com, Inc.
IP Address: 99.86.110.49 (England, United Kingdom)
abuse@amazonaws.com +1-206-266-4064"
discord.com,"discord.com is Hosted on
Cloudflare, Inc.
IP Address: 162.159.137.232 (New Jersey, United States)
abuse@cloudflare.com +1-650-319-8930"
flickr.com,"flickr.com is Hosted on
Amazon Technologies Inc.
IP Address: 52.85.142.143 (England, United Kingdom)
abuse@amazonaws.com +1-206-266-4064"
ask.com,"ask.com is Hosted on
Fastly
IP Address: 151.101.62.114 (England, United Kingdom)
abuse@fastly.com +1-415-404-9374"
shimo.im,"shimo.im is Hosted on
Alibaba (US) Technology Co., Ltd.
IP Address: 47.243.25.188 (Central and Western District, Hong Kong)
abuse@alibaba-inc.com +1-408-748-1200"
rokna.net,"rokna.net is Hosted on
Sindad Network Technology Ltd
IP Address: 195.114.8.139 (Tehran, Iran)
ripe@sindad.com +982143367"
uchi.ru,"uchi.ru is Hosted on
Cloudflare, Inc.
IP Address: 104.18.8.56 (New Jersey, United States)
abuse@cloudflare.com +1-650-319-8930"
sberbank.ru,"sberbank.ru is Hosted on
Sberbank of Russia
IP Address: 194.54.14.168 (Samara Oblast, Russia)
Network_OUVP@sberbank.ru +74956655600"
ca.gov,"ca.gov is Hosted on
Microsoft Corporation
IP Address: 13.87.221.220 (California, United States)
IOC@microsoft.com +1-425-538-6637"
shopee.com.my,"shopee.com.my is Hosted on
Shopee Singapore Private Limited
IP Address: 143.92.81.70 (, Singapore)
noc@sea.com +65-62708100"
ltn.com.tw,"ltn.com.tw is Hosted on
New Century InfoComm Tech. Co., Ltd.
IP Address: 218.211.33.75 (Taipei City, Taiwan)
hostmaster@twnic.net.tw +000000000"
tripadvisor.com,"tripadvisor.com is Hosted on
MCI Communications Services, Inc. d/b/a Verizon Business
IP Address: 192.229.189.15 (, Singapore)
abuse@verizondigitalmedia.com +1-800-900-0241"
in.gr,"in.gr is Hosted on
Hetzner Online GmbH
IP Address: 213.133.127.247 (Bavaria, Germany)"
ndtv.com,"ndtv.com is Hosted on
Akamai Technologies
IP Address: 104.72.153.187 (England, United Kingdom)
abuse@akamai.com +1-617-444-2535"
thesaurus.com,"thesaurus.com is Hosted on
Fastly
IP Address: 151.101.66.133 (Quebec, Canada)
abuse@fastly.com +1-415-404-9374"
dailymotion.com,"dailymotion.com is Hosted on
Dailymotion S.A.
IP Address: 195.8.215.136 (Île-de-France, France)
peering@dailymotion.com +33177353383"
jianshu.com,"jianshu.com is Hosted on
Alibaba.com LLC
IP Address: 47.88.14.163 (California, United States)
abuse@alibaba-inc.com +1-408-748-1200"
shaparak.ir,"shaparak.ir is Hosted on
Shaparak Electronic Card Payment Network Company PJS
IP Address: 185.167.73.34 (Tehran, Iran)"
tokopedia.com,"tokopedia.com is Hosted on
Alibaba Cloud (Singapore) Private Limited
IP Address: 47.74.234.244 (, Singapore)
abuse@alibaba-inc.com +1-408-748-1200"
samsung.com,"samsung.com is Hosted on
SamsungSDS Inc.
IP Address: 211.45.27.231 (Seoul, South Korea)"
espncricinfo.com,"espncricinfo.com is Hosted on
Amazon Technologies Inc.
IP Address: 18.138.144.47 (, Singapore)
abuse@amazonaws.com +1-206-266-4064"
dailymail.co.uk,"dailymail.co.uk is Hosted on
Akamai Technologies, Inc.
IP Address: 104.78.176.162 (England, United Kingdom)
abuse@akamai.com +1-617-274-7134"
naukri.com,"naukri.com is Hosted on
Akamai Technologies
IP Address: 92.123.142.195 (England, United Kingdom)"
focus.cn,"focus.cn is Hosted on
Shenzhen Tencent Computer Systems Company Limited
IP Address: 115.159.241.109 (Guangdong, China)
ipas@cnnic.cn +000000000"
marketwatch.com,"marketwatch.com is Hosted on
Amazon.com, Inc.
IP Address: 99.86.110.59 (England, United Kingdom)
abuse@amazonaws.com +1-206-266-4064"
sciencedirect.com,"sciencedirect.com is Hosted on
Cloudflare, Inc.
IP Address: 162.159.130.81 (New Jersey, United States)
abuse@cloudflare.com +1-650-319-8930"
ameritrade.com,"ameritrade.com is Hosted on
ThinkTech
IP Address: 198.200.171.204 (Nebraska, United States)
hostmaster@tdameritrade.com +1-402-575-6600"
amazon.fr,"amazon.fr is Hosted on
Amazon.com, Inc.
IP Address: 52.95.116.113 (Leinster, Ireland)
abuse@amazonaws.com +1-206-266-4064"
trello.com,"trello.com is Hosted on
Amazon.com, Inc.
IP Address: 185.166.143.2 (North Holland, Netherlands)"
shareasale.com,"shareasale.com is Hosted on
Cloudflare, Inc.
IP Address: 104.16.226.72 (New Jersey, United States)
abuse@cloudflare.com +1-650-319-8930"
shopee.co.id,"shopee.co.id is Hosted on
Shopee Singapore Private Limited
IP Address: 143.92.75.65 (, Singapore)
noc@sea.com +65-62708100"
schwab.com,"schwab.com is Hosted on
Charles Schwab & Co., Inc.
IP Address: 162.93.229.103 (New York, United States)
abuse@schwab.com +1-877-417-2403"
cj.com,"cj.com is Hosted on
Conversant
IP Address: 159.127.40.163 (California, United States)
abuse@conversantmedia.com +1-818-475-4500"
medium.com,"medium.com is Hosted on
Cloudflare, Inc.
IP Address: 162.159.152.4 (New Jersey, United States)
abuse@cloudflare.com +1-650-319-8930"
quillbot.com,"quillbot.com is Hosted on
Cloudflare, Inc.
IP Address: 104.22.57.158 (New Jersey, United States)
abuse@cloudflare.com +1-650-319-8930"
quora.com,"quora.com is Hosted on
Amazon.com, Inc.
IP Address: 34.198.200.113 (Virginia, United States)
abuse@amazonaws.com +1-206-266-4064"
gusuwang.com,"gusuwang.com is Hosted on
CHINANET Liaoning province Dalian MAN network
IP Address: 42.202.155.139 (Liaoning, China)
anti-spam@ns.chinanet.cn.net +000000000"
reverso.net,"reverso.net is Hosted on
OVH SAS
IP Address: 54.36.69.215 (Hauts-de-France, France)
abuse@ovh.net +33 9 74 53 13 23"
allegro.pl,"allegro.pl is Hosted on
Grupa Allegro Sp. z o.o
IP Address: 5.134.213.82 (Greater Poland, Poland)"
pchome.com.tw,"pchome.com.tw is Hosted on
Chunghwa Telecom Co., Ltd.
IP Address: 210.59.230.39 (Taipei City, Taiwan)
hostmaster@twnic.net.tw +000000000"
codepen.io,"codepen.io is Hosted on
Cloudflare, Inc.
IP Address: 104.17.14.48 (New Jersey, United States)
abuse@cloudflare.com +1-650-319-8930"
surveymonkey.com,"surveymonkey.com is Hosted on
Amazon.com, Inc.
IP Address: 99.86.110.39 (England, United Kingdom)
abuse@amazonaws.com +1-206-266-4064"
google.co.id,"google.co.id is Hosted on
Google LLC
IP Address: 142.251.36.35 (North Holland, Netherlands)
arin-contact@google.com +1-650-253-0000"
td.com,"td.com is Hosted on
MCI Communications Services, Inc. d/b/a Verizon Business
IP Address: 192.229.162.193 (California, United States)
abuse@verizondigitalmedia.com +1-800-900-0241"
amazon.it,"amazon.it is Hosted on
Amazon.com, Inc.
IP Address: 52.95.116.114 (Leinster, Ireland)
abuse@amazonaws.com +1-206-266-4064"
rt.com,"rt.com is Hosted on
Leaseweb USA
IP Address: 207.244.80.179 (Massachusetts, United States)
nobody@example.com +1-800-555-1234"
bybit.com,"bybit.com is Hosted on
Amazon Technologies Inc.
IP Address: 18.139.8.83 (, Singapore)
abuse@amazonaws.com +1-206-266-4064"
myworkdayjobs.com,"myworkdayjobs.com is Hosted on
IP Address: 127.0.0.1 (, )
abuse@iana.org +1-310-301-5820"
themeforest.net,"themeforest.net is Hosted on
Cloudflare, Inc.
IP Address: 104.18.31.233 (New Jersey, United States)
abuse@cloudflare.com +1-650-319-8930"
freshdesk.com,"freshdesk.com is Hosted on
Amazon.com, Inc.
IP Address: 99.86.110.85 (England, United Kingdom)
abuse@amazonaws.com +1-206-266-4064"
ensonhaber.com,"ensonhaber.com is Hosted on
Cloudflare, Inc.
IP Address: 104.22.72.231 (New Jersey, United States)
abuse@cloudflare.com +1-650-319-8930"
dextools.io,"dextools.io is Hosted on
Cloudflare, Inc.
IP Address: 104.22.23.199 (New Jersey, United States)
abuse@cloudflare.com +1-650-319-8930"
fc2.com,"fc2.com is Hosted on
FC2 INC
IP Address: 199.48.210.152 (Nevada, United States)
arin@fc2.us +1-310-414-9626"
yoox.com,"yoox.com is Hosted on
Akamai Technologies, Inc.
IP Address: 96.17.92.99 (England, United Kingdom)
abuse@akamai.com +1-617-274-7134"
kundelik.kz,"kundelik.kz is Hosted on
National Information Technologies Joint-Stock Company
IP Address: 195.12.112.5 (Nur-Sultan, Kazakhstan)"
ria.ru,"ria.ru is Hosted on
HLL LLC
IP Address: 178.248.233.32 (Moscow, Russia)"
onet.pl,"onet.pl is Hosted on
Amazon.com, Inc.
IP Address: 75.2.92.173 (Washington, United States)
abuse@amazonaws.com +1-206-266-4064"
smallseotools.com,"smallseotools.com is Hosted on
Cloudflare, Inc.
IP Address: 104.22.69.66 (New Jersey, United States)
abuse@cloudflare.com +1-650-319-8930"
issuu.com,"issuu.com is Hosted on
Amazon.com, Inc.
IP Address: 34.193.74.94 (Virginia, United States)
abuse@amazonaws.com +1-206-266-4064"
flaticon.com,"flaticon.com is Hosted on
OVH SAS
IP Address: 51.210.235.66 (Hauts-de-France, France)
pabloblanes@freepik.com +34.665810196"
pinimg.com,"pinimg.com is Hosted on
Fastly
IP Address: 151.101.128.84 (Quebec, Canada)
abuse@fastly.com +1-415-404-9374"
citi.com,"citi.com is Hosted on
Citigroup
IP Address: 192.193.218.80 (New Jersey, United States)
patrick.a.morris@citi.com +1 212 444-0017"
breitbart.com,"breitbart.com is Hosted on
Google LLC
IP Address: 35.241.35.213 (Missouri, United States)
arin-contact@google.com +1-650-253-0000"
360doc.com,"360doc.com is Hosted on
Hangzhou Alibaba Advertising Co
IP Address: 47.93.194.183 (Beijing, China)
ipas@cnnic.cn +000000000"
mercadolivre.com.br,"mercadolivre.com.br is Hosted on
Amazon.com, Inc.
IP Address: 99.86.110.79 (England, United Kingdom)
abuse@amazonaws.com +1-206-266-4064"
kapanlagi.com,"kapanlagi.com is Hosted on
Google LLC
IP Address: 35.247.145.125 (, Singapore)
arin-contact@google.com +1-650-253-0000"
albawabhnews.com,"albawabhnews.com is Hosted on
Cloudflare, Inc.
IP Address: 104.21.70.135 (New Jersey, United States)
abuse@cloudflare.com +1-650-319-8930"
constantcontact.com,"constantcontact.com is Hosted on
Constant Contact
IP Address: 208.75.122.14 (Massachusetts, United States)
abuse@constantcontact.com +1-781-472-8103"
runoob.com,"runoob.com is Hosted on
Alibaba (US) Technology Co
IP Address: 203.107.42.43 (Zhejiang, China)
ipas@cnnic.cn +000000000"
axieinfinity.com,"axieinfinity.com is Hosted on
Cloudflare, Inc.
IP Address: 104.22.46.116 (New Jersey, United States)
abuse@cloudflare.com +1-650-319-8930"
libero.it,"libero.it is Hosted on
Italiaonline S.p.A.
IP Address: 213.209.17.209 (Lombardy, Italy)
abuse@italiaonline.it +39 02 29047 1"
list-manage.com,"list-manage.com is Hosted on
The Rocket Science Group, LLC
IP Address: 205.201.132.96 (Georgia, United States)
abuse@mailchimp.com +1-678-999-0141"
namu.wiki,"namu.wiki is Hosted on
Cloudflare, Inc.
IP Address: 104.16.180.45 (New Jersey, United States)
abuse@cloudflare.com +1-650-319-8930"
ikco.ir,"ikco.ir is Hosted on
Noyan Abr Arvan Co. ( Private Joint Stock)
IP Address: 185.143.234.113 (Tokyo, Japan)"
namasha.com,"namasha.com is Hosted on
Asiatech Data Transmission company
IP Address: 77.238.123.22 (Tehran, Iran)"
typeform.com,"typeform.com is Hosted on
Amazon.com, Inc.
IP Address: 99.86.110.123 (England, United Kingdom)
abuse@amazonaws.com +1-206-266-4064"
powerbi.com,"powerbi.com is Hosted on
Microsoft Corporation
IP Address: 20.186.65.100 (Virginia, United States)
IOC@microsoft.com +1-425-538-6637"
allactualjournal.com,"allactualjournal.com is Hosted on
RETN Limited
IP Address: 139.45.197.137 (England, United Kingdom)
admin@retn.net +44 20 75176400"
irctc.co.in,"irctc.co.in is Hosted on
Centre Railway Information Systems
IP Address: 103.252.142.21 (National Capital Territory of Delhi, India)"
premierbet.co.ao,"premierbet.co.ao is Hosted on
Cloudflare, Inc.
IP Address: 104.21.10.64 (New Jersey, United States)
abuse@cloudflare.com +1-650-319-8930"
trustpilot.com,"trustpilot.com is Hosted on
Amazon Technologies Inc.
IP Address: 34.247.197.184 (Leinster, Ireland)
abuse@amazonaws.com +1-206-266-4064"
goodreads.com,"goodreads.com is Hosted on
Amazon.com, Inc.
IP Address: 54.239.26.220 (Virginia, United States)
abuse@amazonaws.com +1-206-266-4064"
namnak.com,"namnak.com is Hosted on
Asiatech Data Transmission company
IP Address: 79.127.127.39 (Tehran, Iran)"
it168.com,"it168.com is Hosted on
IDC, China Telecommunications Corporation
IP Address: 42.62.98.171 (Beijing, China)
ipas@cnnic.cn +000000000"
outbrain.com,"outbrain.com is Hosted on
Outbrain, Inc.
IP Address: 192.82.210.254 (Illinois, United States)
ops@outbrain.com +1-646-867-0149"
google.az,"google.az is Hosted on
Google LLC
IP Address: 172.217.168.228 (North Holland, Netherlands)
arin-contact@google.com +1-650-253-0000"
google.co.kr,"google.co.kr is Hosted on
Google LLC
IP Address: 142.250.187.227 (England, United Kingdom)
arin-contact@google.com +1-650-253-0000"
shopee.vn,"shopee.vn is Hosted on
Shopee Singapore Private Limited
IP Address: 143.92.81.70 (, Singapore)
noc@sea.com +65-62708100"
hotmart.com,"hotmart.com is Hosted on
Amazon.com, Inc.
IP Address: 99.86.110.70 (England, United Kingdom)
abuse@amazonaws.com +1-206-266-4064"
rezka.ag,"rezka.ag is Hosted on
Advania Island ehf
IP Address: 82.221.104.145 (Capital Region, Iceland)
sales@orangewebsite.com"
macys.com,"macys.com is Hosted on
Akamai Technologies
IP Address: 2.19.61.89 (England, United Kingdom)"
liputan6.com,"liputan6.com is Hosted on
Google LLC
IP Address: 35.190.21.225 (Missouri, United States)
arin-contact@google.com +1-650-253-0000"
sourceforge.net,"sourceforge.net is Hosted on
American Internet Services
IP Address: 204.68.111.105 (Illinois, United States)
abuse@americanis.net +1-858-576-4272"
costco.com,"costco.com is Hosted on
Akamai Technologies, Inc.
IP Address: 23.43.22.121 (England, United Kingdom)
abuse@akamai.com +1-617-444-2535"
thepiratebay.org,"thepiratebay.org is Hosted on
Cloudflare, Inc.
IP Address: 162.159.136.6 (New Jersey, United States)
abuse@cloudflare.com +1-650-319-8930"
web.de,"web.de is Hosted on
1&1 IONOS SE
IP Address: 82.165.229.138 (Baden-Württemberg, Germany)
Roman.Meyer@oneandone.net +49 721 91374 0"
substack.com,"substack.com is Hosted on
Cloudflare, Inc.
IP Address: 104.18.1.201 (New Jersey, United States)
abuse@cloudflare.com +1-650-319-8930"
donya-e-eqtesad.com,"donya-e-eqtesad.com is Hosted on
Sindad Network Technology Ltd
IP Address: 103.216.60.195 (Tehran, Iran)"
crowdworks.jp,"crowdworks.jp is Hosted on
Amazon Technologies Inc.
IP Address: 52.194.120.23 (Tokyo, Japan)
abuse@amazonaws.com +1-206-266-4064"
shopee.co.th,"shopee.co.th is Hosted on
Shopee (Thailand) Co.
IP Address: 103.120.246.129 (Bangkok, Thailand)
noc@seagroup.com soc@seagroup.com +000000000"
shopee.co.th,"shopee.co.th is Hosted on
Shopee Singapore Private Limited
IP Address: 143.92.81.70 (, Singapore)
noc@sea.com +65-62708100"
att.com,"att.com is Hosted on
AT&T Services, Inc.
IP Address: 144.160.36.42 (Indiana, United States)
abuse@att.net +1-317-265-8902"
bbcollab.com,"bbcollab.com is Hosted on
NeuStar, Inc.
IP Address: 69.196.237.194 (New York, United States)
Peering@blackboard.com +1-202-463-4860"
mathrubhumi.com,"mathrubhumi.com is Hosted on
Amazon Technologies Inc.
IP Address: 13.232.249.206 (Maharashtra, India)
abuse@amazonaws.com +1-206-266-4064"
tabelog.com,"tabelog.com is Hosted on
Kakaku.com, Inc.
IP Address: 219.100.44.30 (Tokyo, Japan)
hostmaster@nic.ad.jp +000000000"
accuweather.com,"accuweather.com is Hosted on
Akamai Technologies
IP Address: 2.19.147.35 (England, United Kingdom)"
gismeteo.ru,"gismeteo.ru is Hosted on
""MapMakers Group"" Ltd
IP Address: 185.134.201.6 (Moscow, Russia)
admin@gismeteo.ru +7 495 989 57 63"
proiezionidiborsa.it,"proiezionidiborsa.it is Hosted on
Aruba S.p.A.
IP Address: 62.149.173.4 (Tuscany, Italy)
abuse@proiezionidiborsa.com +31205354444"
etrade.com,"etrade.com is Hosted on
AT&T Services
IP Address: 12.153.224.22 (Georgia, United States)
james.petterson@etrade.com +1-678-319-7271"
seekingalpha.com,"seekingalpha.com is Hosted on
Fastly
IP Address: 151.101.194.2 (Quebec, Canada)
abuse@fastly.com +1-415-404-9374"
zoho.com,"zoho.com is Hosted on
ZOHO
IP Address: 136.143.190.155 (Hesse, Germany)
fbl@zohocorp.com +1-408-916-9191 +1-408-916-9898"
oracle.com,"oracle.com is Hosted on
Oracle Corporation
IP Address: 137.254.120.50 (California, United States)
abuse@oracleemaildelivery.com +1-650-506-2220"
iqiyi.com,"iqiyi.com is Hosted on
China Unicom Beijing Province Network
IP Address: 111.206.13.63 (Beijing, China)"
dhl.com,"dhl.com is Hosted on
DHL Information Services (Europe) s.r.o
IP Address: 165.72.192.33 (Hlavni mesto Praha, Czechia)
brian.eaton@dhl.com +00420288802020"
iherb.com,"iherb.com is Hosted on
Amazon Technologies Inc.
IP Address: 3.11.117.214 (England, United Kingdom)
abuse@amazonaws.com +1-206-266-4064"
hostgator.com,"hostgator.com is Hosted on
Amazon.com, Inc.
IP Address: 52.8.231.40 (California, United States)
abuse@amazonaws.com +1-206-266-4064"
fool.com,"fool.com is Hosted on
Fastly
IP Address: 151.101.193.143 (Quebec, Canada)
abuse@fastly.com +1-415-404-9374"
alwafd.news,"alwafd.news is Hosted on
Cloudflare, Inc.
IP Address: 104.26.3.232 (New Jersey, United States)
abuse@cloudflare.com +1-650-319-8930"
xfinity.com,"xfinity.com is Hosted on
Comcast Cable Communications, LLC
IP Address: 68.87.41.40 (Pennsylvania, United States)
CNIPEO-Ip-registration@cable.comcast.com +1-856-317-7200"
op.gg,"op.gg is Hosted on
Amazon.com, Inc.
IP Address: 99.86.110.7 (England, United Kingdom)
abuse@amazonaws.com +1-206-266-4064"
google.ro,"google.ro is Hosted on
Google LLC
IP Address: 142.250.179.195 (North Holland, Netherlands)
arin-contact@google.com +1-650-253-0000"
chinanetrank.com,"chinanetrank.com is Hosted on
Alibaba.com LLC
IP Address: 47.90.61.157 (Central and Western District, Hong Kong)
abuse@alibaba-inc.com +1-408-748-1200"
qualtrics.com,"qualtrics.com is Hosted on
Amazon.com
IP Address: 23.21.43.10 (Virginia, United States)
abuse@amazonaws.com +1-206-266-4064"
inquirer.net,"inquirer.net is Hosted on
Cloudflare, Inc.
IP Address: 104.22.55.197 (New Jersey, United States)
abuse@cloudflare.com +1-650-319-8930"
eventbrite.com,"eventbrite.com is Hosted on
Amazon.com, Inc.
IP Address: 18.235.224.167 (Virginia, United States)
abuse@amazonaws.com +1-206-266-4064"
google.pl,"google.pl is Hosted on
Google LLC
IP Address: 142.250.178.3 (England, United Kingdom)
arin-contact@google.com +1-650-253-0000"
cnbeta.com,"cnbeta.com is Hosted on
Guangdong
IP Address: 125.90.93.20 (Guangdong, China)"
wp.pl,"wp.pl is Hosted on
Wirtualna Polska Media S.A.
IP Address: 212.77.98.9 (Mazovia, Poland)"
uptodown.com,"uptodown.com is Hosted on
Akamai International, BV
IP Address: 23.64.34.21 (England, United Kingdom)
abuse@akamai.com +1-617-444-2535"
zhibo8.cc,"zhibo8.cc is Hosted on
Hangzhou Alibaba Advertising Co
IP Address: 101.37.178.168 (Zhejiang, China)
ipas@cnnic.cn +000000000"
ih5.cn,"ih5.cn is Hosted on
Ningxia West Cloud Data Technology Co.Ltd.
IP Address: 161.189.151.162 (Ningxia Hui Autonomous Region, China)
ipas@cnnic.cn +000000000"
crunchyroll.com,"crunchyroll.com is Hosted on
Cloudflare, Inc.
IP Address: 104.18.22.9 (New Jersey, United States)
abuse@cloudflare.com +1-650-319-8930"
leboncoin.fr,"leboncoin.fr is Hosted on
Amazon.com, Inc.
IP Address: 99.86.110.67 (England, United Kingdom)
abuse@amazonaws.com +1-206-266-4064"
plantvsundead.com,"plantvsundead.com is Hosted on
Cloudflare, Inc.
IP Address: 104.22.79.111 (New Jersey, United States)
abuse@cloudflare.com +1-650-319-8930"
files.wordpress.com,"files.wordpress.com is Hosted on
Automattic, Inc
IP Address: 192.0.72.2 (California, United States)
abuse@automattic.com +1-877-273-8550"
rambler.ru,"rambler.ru is Hosted on
Rambler Internet Holding LLC
IP Address: 81.19.82.98 (Moscow, Russia)"
1337x.to,"1337x.to is Hosted on
Cloudflare, Inc.
IP Address: 104.31.16.118 (New Jersey, United States)
abuse@cloudflare.com +1-650-319-8930"
setn.com,"setn.com is Hosted on
Amazon Technologies Inc.
IP Address: 54.238.119.86 (Tokyo, Japan)
abuse@amazonaws.com +1-206-266-4064"
note.com,"note.com is Hosted on
Amazon.com, Inc.
IP Address: 99.86.110.28 (England, United Kingdom)
abuse@amazonaws.com +1-206-266-4064"
tdameritrade.com,"tdameritrade.com is Hosted on
ThinkTech
IP Address: 198.200.171.204 (Nebraska, United States)
hostmaster@tdameritrade.com +1-402-575-6600"
nypost.com,"nypost.com is Hosted on
Automattic, Inc
IP Address: 192.0.66.32 (California, United States)
abuse@automattic.com +1-877-273-8550"
expedia.com,"expedia.com is Hosted on
Akamai Technologies, Inc.
IP Address: 23.72.10.168 (Île-de-France, France)
abuse@akamai.com +1-617-274-7134"
ladbible.com,"ladbible.com is Hosted on
Cloudflare, Inc.
IP Address: 104.17.97.32 (New Jersey, United States)
abuse@cloudflare.com +1-650-319-8930"
teachable.com,"teachable.com is Hosted on
Cloudflare, Inc.
IP Address: 104.19.239.117 (New Jersey, United States)
abuse@cloudflare.com +1-650-319-8930"
yts.mx,"yts.mx is Hosted on
Cloudflare, Inc.
IP Address: 104.31.16.9 (New Jersey, United States)
abuse@cloudflare.com +1-650-319-8930"
xero.com,"xero.com is Hosted on
Amazon.com, Inc.
IP Address: 13.227.150.23 (England, United Kingdom)
abuse@amazonaws.com +1-206-266-4064"
rakuten.com,"rakuten.com is Hosted on
Amazon.com, Inc.
IP Address: 216.238.190.103 (California, United States)
netops@ebates.com +1-888-634-0098"
shipstation.com,"shipstation.com is Hosted on
Cloudflare London, LLC
IP Address: 141.193.213.21 (Texas, United States)
abuse@wpengine.com +1-512-273-3906"
hubspot.com,"hubspot.com is Hosted on
Cloudflare, Inc.
IP Address: 104.19.154.83 (New Jersey, United States)
abuse@cloudflare.com +1-650-319-8930"
ouedkniss.com,"ouedkniss.com is Hosted on
OVH SAS
IP Address: 51.38.63.233 (Hauts-de-France, France)
abuse@ovh.net +33 9 74 53 13 23"
shippingchina.com,"shippingchina.com is Hosted on
UCLOUD
IP Address: 106.75.95.220 (Beijing, China)
ipas@cnnic.cn +000000000"
remove.bg,"remove.bg is Hosted on
Cloudflare, Inc.
IP Address: 172.67.71.36 (New Jersey, United States)
abuse@cloudflare.com +1-650-319-8930"
cdc.gov,"cdc.gov is Hosted on
U.S. Center Disease Control and Prevention
IP Address: 198.246.102.49 (Georgia, United States)
hostmaster@cdc.gov +1-404-639-4918"
upwork.com,"upwork.com is Hosted on
Cloudflare, Inc.
IP Address: 104.18.89.237 (New Jersey, United States)
abuse@cloudflare.com +1-650-319-8930"
protonmail.com,"protonmail.com is Hosted on
Proton Technologies AG
IP Address: 185.70.42.12 (Geneva, Switzerland)
abuse@protonmail.ch +41 22 548 35 51"
meituan.com,"meituan.com is Hosted on
Shenzhen Tencent Computer Systems Company Limited
IP Address: 162.14.3.226 (Beijing, China)
qcloud_net_duty@tencent.com +000000000"
irs.gov,"irs.gov is Hosted on
Internal Revenue Service
IP Address: 152.216.7.110 (District of Columbia, United States)
Bradley.B.Wibbing@irs.gov +1-202-283-4590"
goo.ne.jp,"goo.ne.jp is Hosted on
NTT Communications Corporation
IP Address: 114.179.184.93 (Ōsaka, Japan)"
google.com.au,"google.com.au is Hosted on
Google LLC
IP Address: 142.250.187.195 (England, United Kingdom)
arin-contact@google.com +1-650-253-0000"
merriam-webster.com,"merriam-webster.com is Hosted on
Amazon.com, Inc.
IP Address: 13.224.226.108 (England, United Kingdom)
abuse@amazonaws.com +1-206-266-4064"
nikkei.com,"nikkei.com is Hosted on
Amazon.com, Inc.
IP Address: 76.223.28.162 (Washington, United States)
abuse@amazonaws.com +1-206-266-4064"
editor.wix.com,"editor.wix.com is Hosted on
wix com inc
IP Address: 185.230.63.182 (Virginia, United States)"
mytheresa.com,"mytheresa.com is Hosted on
Amazon.com, Inc.
IP Address: 99.86.110.49 (England, United Kingdom)
abuse@amazonaws.com +1-206-266-4064"
medicalnewstoday.com,"medicalnewstoday.com is Hosted on
Amazon.com, Inc.
IP Address: 99.86.110.119 (England, United Kingdom)
abuse@amazonaws.com +1-206-266-4064"
orange.fr,"orange.fr is Hosted on
France Telecom
IP Address: 193.252.117.145 (Île-de-France, France)"
aliyun.com,"aliyun.com is Hosted on
Hangzhou Alibaba Advertising Co
IP Address: 106.11.249.99 (Zhejiang, China)
ipas@cnnic.cn +000000000"
11st.co.kr,"11st.co.kr is Hosted on
SK-TELECOM
IP Address: 113.217.247.90 (Seoul, South Korea)"
pipedrive.com,"pipedrive.com is Hosted on
Cloudflare, Inc.
IP Address: 104.18.189.228 (New Jersey, United States)
abuse@cloudflare.com +1-650-319-8930"
bukalapak.com,"bukalapak.com is Hosted on
Google LLC
IP Address: 34.120.254.97 (Missouri, United States)
arin-contact@google.com +1-650-253-0000"
royalbank.com,"royalbank.com is Hosted on
Internet Media Network
IP Address: 204.74.99.100 (New York, United States)
abuse@ultradns.com +1-480-804-8200"
daraz.pk,"daraz.pk is Hosted on
Alibaba (US) Technology Co., Ltd.
IP Address: 47.89.75.238 (, Singapore)
abuse@alibaba-inc.com +1-408-748-1200"
house365.com,"house365.com is Hosted on
Shenzhen Tencent Computer Systems Company Limited
IP Address: 212.129.162.135 (Beijing, China)
qcloud_net_duty@tencent.com +000000000"
