,Domain Names
1,google.com
2,youtube.com
3,tmall.com
4,qq.com
5,baidu.com
6,sohu.com
7,taobao.com
8,facebook.com
9,jd.com
10,360.cn
11,amazon.com
12,yahoo.com
13,zoom.us
14,wikipedia.org
15,weibo.com
16,sina.com.cn
17,xinhuanet.com
18,live.com
19,microsoft.com
20,office.com
21,reddit.com
22,netflix.com
23,instagram.com
24,panda.tv
25,zhanqi.tv
26,alipay.com
27,google.com.hk
28,myshopify.com
29,microsoftonline.com
30,csdn.net
31,bing.com
32,yahoo.co.jp
33,vk.com
34,naver.com
35,coinmarketcap.com
36,twitter.com
37,linkedin.com
38,adobe.com
39,tianya.cn
40,huanqiu.com
41,aliexpress.com
42,twitch.tv
43,ebay.com
44,amazon.in
45,yy.com
46,17ok.com
47,chaturbate.com
48,slack.com
49,amazon.co.jp
50,bongacams.com
51,yandex.ru
52,whatsapp.com
53,1688.com
54,dropbox.com
55,haosou.com
56,wordpress.com
57,tradingview.com
58,mail.ru
59,okezone.com
60,msn.com
61,canva.com
62,aparat.com
63,tiktok.com
64,indeed.com
65,chase.com
66,etsy.com
67,google.com.br
68,babytree.com
69,google.co.in
70,ok.ru
71,amazonaws.com
72,google.cn
73,spotify.com
74,blogger.com
75,freepik.com
76,pornhub.com
77,tribunnews.com
78,paypal.com
79,imdb.com
80,google.co.jp
81,gome.com.cn
82,rakuten.co.jp
83,telegram.org
84,so.com
85,xvideos.com
86,cnblogs.com
87,6.cn
88,github.com
89,apple.com
90,savefrom.net
91,coinbase.com
92,walmart.com
93,pikiran-rakyat.com
94,espn.com
95,instructure.com
96,salesforce.com
97,amazon.de
98,amazon.co.uk
99,google.de
100,momoshop.com.tw
101,zendesk.com
102,livejasmin.com
103,udemy.com
104,fandom.com
105,opensea.io
106,flipkart.com
107,pinterest.com
108,grammarly.com
109,cnn.com
110,booking.com
111,nytimes.com
112,wetransfer.com
113,stackoverflow.com
114,163.com
115,ilovepdf.com
116,intuit.com
117,zillow.com
118,xhamster.com
119,godaddy.com
120,t.me
121,google.fr
122,deepl.com
123,bbc.com
124,rednet.cn
125,cnzz.com
126,gosuslugi.ru
127,stackexchange.com
128,force.com
129,google.it
130,google.ru
131,vimeo.com
132,roblox.com
133,google.es
134,kompas.com
135,daum.net
136,nih.gov
137,hao123.com
138,zhihu.com
139,imgur.com
140,tumblr.com
141,zerodha.com
142,digikala.com
143,trendyol.com
144,wix.com
145,namecheap.com
146,ettoday.net
147,padlet.com
148,envato.com
149,tistory.com
150,americanexpress.com
151,ups.com
152,unsplash.com
153,bilibili.com
154,indiatimes.com
155,line.me
156,51.la
157,detik.com
158,wellsfargo.com
159,smallpdf.com
160,google.com.tw
161,archive.org
162,bbc.co.uk
163,globo.com
164,w3schools.com
165,soso.com
166,klaviyo.com
167,soundcloud.com
168,onlinesbi.com
169,investing.com
170,speedtest.net
171,bestbuy.com
172,theguardian.com
173,aliexpress.ru
174,amazon.ca
175,cnbc.com
176,gov.ao
177,sindonews.com
178,healthline.com
179,pixabay.com
180,fedex.com
181,hdfcbank.com
182,google.com.sg
183,myworkday.com
184,pixnet.net
185,researchgate.net
186,alibaba.com
187,zoominfo.com
188,evernote.com
189,360.com
190,capitalone.com
191,google.co.uk
192,amazon.com.mx
193,primevideo.com
194,kumparan.com
195,codecanyon.net
196,tudou.com
197,fidelity.com
198,kakao.com
199,ikea.com
200,istockphoto.com
201,craigslist.org
202,grid.id
203,mercadolibre.com.mx
204,hotstar.com
205,scribd.com
206,uol.com.br
207,google.com.mx
208,pancakeswap.finance
209,box.com
210,y2mate.com
211,avito.ru
212,target.com
213,shopee.tw
214,google.com.tr
215,getadblock.com
216,jiameng.com
217,fiverr.com
218,yelp.com
219,homedepot.com
220,line.biz
221,icicibank.com
222,usps.com
223,documentforce.com
224,docusign.com
225,investopedia.com
226,slideshare.net
227,cnet.com
228,quizlet.com
229,skype.com
230,airbnb.com
231,varzesh3.com
232,poocoin.app
233,washingtonpost.com
234,businessinsider.com
235,cnnic.cn
236,tencent.com
237,airtable.com
238,shutterstock.com
239,gate.io
240,hostinger.com
241,duckduckgo.com
242,xnxx.com
243,metropoles.com
244,taboola.com
245,zol.com.cn
246,mediafire.com
247,binance.com
248,crunchbase.com
249,bet9ja.com
250,bluehost.com
251,wildberries.ru
252,51yes.com
253,mercadolibre.com.ar
254,etoro.com
255,linktr.ee
256,moneycontrol.com
257,manage.wix.com
258,googlevideo.com
259,google.ca
260,sogou.com
261,sonhoo.com
262,bloomberg.com
263,google.com.ar
264,coupang.com
265,bet365.com
266,iyiou.com
267,suara.com
268,hulu.com
269,sq.cn
270,docusign.net
271,blackboard.com
272,cloudfront.net
273,mozilla.org
274,disneyplus.com
275,ozon.ru
276,adp.com
277,google.com.sa
278,shein.com
279,mailchimp.com
280,youm7.com
281,chess.com
282,manoramaonline.com
283,foxnews.com
284,geeksforgeeks.org
285,redfin.com
286,bankofamerica.com
287,realtor.com
288,telewebion.com
289,wikihow.com
290,asos.com
291,sahibinden.com
292,japanpost.jp
293,xiaoman.cn
294,coursera.org
295,nike.com
296,state.gov
297,secureserver.net
298,spankbang.com
299,wayfair.com
300,chegg.com
301,aol.com
302,ibicn.com
303,wsj.com
304,weather.com
305,hp.com
306,redd.it
307,wikimedia.org
308,ebay.de
309,wordpress.org
310,google.co.th
311,lazada.sg
312,t.co
313,webex.com
314,google.com.eg
315,loom.com
316,squarespace.com
317,cricbuzz.com
318,dell.com
319,ameblo.jp
320,indiamart.com
321,amazon.es
322,merdeka.com
323,hootsuite.com
324,discord.com
325,flickr.com
326,ask.com
327,shimo.im
328,rokna.net
329,uchi.ru
330,liansuo.com
331,sberbank.ru
332,ca.gov
333,shopee.com.my
334,ltn.com.tw
335,tripadvisor.com
336,in.gr
337,ndtv.com
338,thesaurus.com
339,dailymotion.com
340,jianshu.com
341,shaparak.ir
342,tokopedia.com
343,samsung.com
344,espncricinfo.com
345,dailymail.co.uk
346,naukri.com
347,focus.cn
348,marketwatch.com
349,sciencedirect.com
350,ameritrade.com
351,amazon.fr
352,trello.com
353,shareasale.com
354,shopee.co.id
355,schwab.com
356,cj.com
357,medium.com
358,quillbot.com
359,quora.com
360,gusuwang.com
361,reverso.net
362,allegro.pl
363,pchome.com.tw
364,codepen.io
365,surveymonkey.com
366,google.co.id
367,td.com
368,amazon.it
369,rt.com
370,bybit.com
371,myworkdayjobs.com
372,themeforest.net
373,freshdesk.com
374,ensonhaber.com
375,dextools.io
376,fc2.com
377,yoox.com
378,kundelik.kz
379,ria.ru
380,onet.pl
381,smallseotools.com
382,issuu.com
383,flaticon.com
384,akamaized.net
385,pinimg.com
386,citi.com
387,breitbart.com
388,360doc.com
389,twimg.com
390,mercadolivre.com.br
391,kapanlagi.com
392,albawabhnews.com
393,constantcontact.com
394,runoob.com
395,axieinfinity.com
396,libero.it
397,list-manage.com
398,namu.wiki
399,ikco.ir
400,namasha.com
401,typeform.com
402,powerbi.com
403,allactualjournal.com
404,irctc.co.in
405,premierbet.co.ao
406,trustpilot.com
407,goodreads.com
408,namnak.com
409,it168.com
410,outbrain.com
411,google.az
412,google.co.kr
413,shopee.vn
414,hotmart.com
415,rezka.ag
416,macys.com
417,liputan6.com
418,sourceforge.net
419,costco.com
420,thepiratebay.org
421,web.de
422,substack.com
423,donya-e-eqtesad.com
424,crowdworks.jp
425,shopee.co.th
426,att.com
427,bbcollab.com
428,mathrubhumi.com
429,tabelog.com
430,accuweather.com
431,gismeteo.ru
432,proiezionidiborsa.it
433,etrade.com
434,seekingalpha.com
435,zoho.com
436,oracle.com
437,iqiyi.com
438,dhl.com
439,iherb.com
440,hostgator.com
441,fool.com
442,alwafd.news
443,xfinity.com
444,op.gg
445,google.ro
446,chinanetrank.com
447,ens.domains
448,qualtrics.com
449,inquirer.net
450,eventbrite.com
451,google.pl
452,cnbeta.com
453,wp.pl
454,uptodown.com
455,deviantart.com
456,zhibo8.cc
457,ih5.cn
458,crunchyroll.com
459,leboncoin.fr
460,plantvsundead.com
461,files.wordpress.com
462,rambler.ru
463,1337x.to
464,setn.com
465,note.com
466,tdameritrade.com
467,nypost.com
468,expedia.com
469,ladbible.com
470,teachable.com
471,yts.mx
472,xero.com
473,rakuten.com
474,haiwainet.cn
475,shipstation.com
476,hubspot.com
477,ouedkniss.com
478,shippingchina.com
479,remove.bg
480,cdc.gov
481,upwork.com
482,protonmail.com
483,meituan.com
484,irs.gov
485,goo.ne.jp
486,google.com.au
487,merriam-webster.com
488,nikkei.com
489,editor.wix.com
490,mytheresa.com
491,medicalnewstoday.com
492,orange.fr
493,aliyun.com
494,11st.co.kr
495,pipedrive.com
496,bukalapak.com
497,royalbank.com
498,daraz.pk
499,heavy.com
500,house365.com
